{
  "rmse": {
    "steps": [
      0
    ],
    "timestamps": [
      "2022-03-14T00:21:35.685658"
    ],
    "values": [
      0.08845012875047945
    ]
  }
}