{
  "rmse": {
    "steps": [
      0
    ],
    "timestamps": [
      "2022-03-14T00:21:32.263259"
    ],
    "values": [
      0.2253942933259569
    ]
  }
}