{
  "rmse": {
    "steps": [
      0
    ],
    "timestamps": [
      "2022-03-14T00:21:37.766759"
    ],
    "values": [
      0.02199460690288832
    ]
  }
}