{
  "rmse": {
    "steps": [
      0
    ],
    "timestamps": [
      "2022-03-14T00:21:32.878614"
    ],
    "values": [
      0.18814660310773385
    ]
  }
}