{
  "rmse": {
    "steps": [
      0
    ],
    "timestamps": [
      "2022-03-14T00:21:37.402251"
    ],
    "values": [
      0.03708191053382496
    ]
  }
}