{
  "rmse": {
    "steps": [
      0
    ],
    "timestamps": [
      "2022-03-14T00:21:32.986630"
    ],
    "values": [
      0.1822512555006201
    ]
  }
}