{
  "rmse": {
    "steps": [
      0
    ],
    "timestamps": [
      "2022-03-14T00:21:33.191897"
    ],
    "values": [
      0.17067521981318678
    ]
  }
}