{
  "rmse": {
    "steps": [
      0
    ],
    "timestamps": [
      "2022-03-14T00:21:37.520180"
    ],
    "values": [
      0.032306663252759826
    ]
  }
}