{
  "rmse": {
    "steps": [
      0
    ],
    "timestamps": [
      "2022-03-14T00:21:35.443254"
    ],
    "values": [
      0.09814395494043572
    ]
  }
}