{
  "rmse": {
    "steps": [
      0
    ],
    "timestamps": [
      "2022-03-14T00:21:33.141102"
    ],
    "values": [
      0.17352461142821343
    ]
  }
}