{
  "rmse": {
    "steps": [
      0
    ],
    "timestamps": [
      "2022-03-14T00:21:37.887436"
    ],
    "values": [
      0.0157530502116173
    ]
  }
}