{
  "rmse": {
    "steps": [
      0
    ],
    "timestamps": [
      "2022-03-14T00:21:35.271218"
    ],
    "values": [
      0.1058017954429909
    ]
  }
}