{
  "rmse": {
    "steps": [
      0
    ],
    "timestamps": [
      "2022-03-14T00:21:34.690780"
    ],
    "values": [
      0.118882953569393
    ]
  }
}