{
  "rmse": {
    "steps": [
      0
    ],
    "timestamps": [
      "2022-03-14T00:21:32.782843"
    ],
    "values": [
      0.19417175659187397
    ]
  }
}