{
  "rmse": {
    "steps": [
      0
    ],
    "timestamps": [
      "2022-03-14T00:21:33.248168"
    ],
    "values": [
      0.16783065538206143
    ]
  }
}