{
  "rmse": {
    "steps": [
      0
    ],
    "timestamps": [
      "2022-03-14T00:21:31.315378"
    ],
    "values": [
      0.2810756510881921
    ]
  }
}