{
  "rmse": {
    "steps": [
      0
    ],
    "timestamps": [
      "2022-03-14T00:21:33.975793"
    ],
    "values": [
      0.14561133054018174
    ]
  }
}