{
  "rmse": {
    "steps": [
      0
    ],
    "timestamps": [
      "2022-03-14T00:21:34.333309"
    ],
    "values": [
      0.1295285171319331
    ]
  }
}