{
  "rmse": {
    "steps": [
      0
    ],
    "timestamps": [
      "2022-03-14T00:21:31.756354"
    ],
    "values": [
      0.25511642813429886
    ]
  }
}