{
  "rmse": {
    "steps": [
      0
    ],
    "timestamps": [
      "2022-03-14T00:21:35.835523"
    ],
    "values": [
      0.08369419958924003
    ]
  }
}