{
  "rmse": {
    "steps": [
      0
    ],
    "timestamps": [
      "2022-03-14T00:21:32.517089"
    ],
    "values": [
      0.20950691525938764
    ]
  }
}