{
  "rmse": {
    "steps": [
      0
    ],
    "timestamps": [
      "2022-03-14T00:21:37.820598"
    ],
    "values": [
      0.0190484501204842
    ]
  }
}