{
  "rmse": {
    "steps": [
      0
    ],
    "timestamps": [
      "2022-03-14T00:21:36.292350"
    ],
    "values": [
      0.0669431848711452
    ]
  }
}