{
  "rmse": {
    "steps": [
      0
    ],
    "timestamps": [
      "2022-03-14T00:21:33.745828"
    ],
    "values": [
      0.15102994502683578
    ]
  }
}