{
  "rmse": {
    "steps": [
      0
    ],
    "timestamps": [
      "2022-03-14T00:21:37.455420"
    ],
    "values": [
      0.03476350965857565
    ]
  }
}