{
  "rmse": {
    "steps": [
      0
    ],
    "timestamps": [
      "2022-03-14T00:21:31.867223"
    ],
    "values": [
      0.24831420017894748
    ]
  }
}