{
  "rmse": {
    "steps": [
      0
    ],
    "timestamps": [
      "2022-03-14T00:21:37.700281"
    ],
    "values": [
      0.02471015461562907
    ]
  }
}