{
  "rmse": {
    "steps": [
      0
    ],
    "timestamps": [
      "2022-03-14T00:21:37.582707"
    ],
    "values": [
      0.029855506043259927
    ]
  }
}