{
  "rmse": {
    "steps": [
      0
    ],
    "timestamps": [
      "2022-03-14T00:21:34.959993"
    ],
    "values": [
      0.11365723862012547
    ]
  }
}