{
  "rmse": {
    "steps": [
      0
    ],
    "timestamps": [
      "2022-03-14T00:21:34.272061"
    ],
    "values": [
      0.13217465653565266
    ]
  }
}