{
  "rmse": {
    "steps": [
      0
    ],
    "timestamps": [
      "2022-03-14T00:21:33.557702"
    ],
    "values": [
      0.1565661013130832
    ]
  }
}