{
  "rmse": {
    "steps": [
      0
    ],
    "timestamps": [
      "2022-03-14T00:21:35.941916"
    ],
    "values": [
      0.07896484920516258
    ]
  }
}