{
  "rmse": {
    "steps": [
      0
    ],
    "timestamps": [
      "2022-03-14T00:21:35.569517"
    ],
    "values": [
      0.09328647120150418
    ]
  }
}