{
  "rmse": {
    "steps": [
      0
    ],
    "timestamps": [
      "2022-03-14T00:21:32.310826"
    ],
    "values": [
      0.2221948457078588
    ]
  }
}