{
  "rmse": {
    "steps": [
      0
    ],
    "timestamps": [
      "2022-03-14T00:21:36.683047"
    ],
    "values": [
      0.057637639921131106
    ]
  }
}