{
  "rmse": {
    "steps": [
      0
    ],
    "timestamps": [
      "2022-03-14T00:21:34.515339"
    ],
    "values": [
      0.12155407613438887
    ]
  }
}