{
  "rmse": {
    "steps": [
      0
    ],
    "timestamps": [
      "2022-03-14T00:21:36.208881"
    ],
    "values": [
      0.06934851892490528
    ]
  }
}