{
  "rmse": {
    "steps": [
      0
    ],
    "timestamps": [
      "2022-03-14T00:21:37.646469"
    ],
    "values": [
      0.027307267763480064
    ]
  }
}