{
  "rmse": {
    "steps": [
      0
    ],
    "timestamps": [
      "2022-03-14T00:21:34.149526"
    ],
    "values": [
      0.1374800203207987
    ]
  }
}