{
  "rmse": {
    "steps": [
      0
    ],
    "timestamps": [
      "2022-03-14T00:21:35.095651"
    ],
    "values": [
      0.11105031071519961
    ]
  }
}