{
  "rmse": {
    "steps": [
      0
    ],
    "timestamps": [
      "2022-03-14T00:21:31.681517"
    ],
    "values": [
      0.2586430432643813
    ]
  }
}