{
  "rmse": {
    "steps": [
      0
    ],
    "timestamps": [
      "2022-03-14T00:21:37.154811"
    ],
    "values": [
      0.0437859624917705
    ]
  }
}