{
  "rmse": {
    "steps": [
      0
    ],
    "timestamps": [
      "2022-03-14T00:21:36.950631"
    ],
    "values": [
      0.050542520325354626
    ]
  }
}