{
  "rmse": {
    "steps": [
      0
    ],
    "timestamps": [
      "2022-03-14T00:21:31.271152"
    ],
    "values": [
      0.28522689086320896
    ]
  }
}