{
  "rmse": {
    "steps": [
      0
    ],
    "timestamps": [
      "2022-03-14T00:21:32.673369"
    ],
    "values": [
      0.2001722277733101
    ]
  }
}