{
  "rmse": {
    "steps": [
      0
    ],
    "timestamps": [
      "2022-03-14T00:21:32.936262"
    ],
    "values": [
      0.18517804984451802
    ]
  }
}