{
  "rmse": {
    "steps": [
      0
    ],
    "timestamps": [
      "2022-03-14T00:21:37.225722"
    ],
    "values": [
      0.04154779270919015
    ]
  }
}