{
  "rmse": {
    "steps": [
      0
    ],
    "timestamps": [
      "2022-03-14T00:21:31.524540"
    ],
    "values": [
      0.2696075260115684
    ]
  }
}