{
  "rmse": {
    "steps": [
      0
    ],
    "timestamps": [
      "2022-03-14T00:21:36.878048"
    ],
    "values": [
      0.052899828590509304
    ]
  }
}