{
  "rmse": {
    "steps": [
      0
    ],
    "timestamps": [
      "2022-03-14T00:21:35.221332"
    ],
    "values": [
      0.10843444516065692
    ]
  }
}