{
  "rmse": {
    "steps": [
      0
    ],
    "timestamps": [
      "2022-03-14T00:21:32.359548"
    ],
    "values": [
      0.21899830851212962
    ]
  }
}