{
  "rmse": {
    "steps": [
      0
    ],
    "timestamps": [
      "2022-03-14T00:21:31.994165"
    ],
    "values": [
      0.24170613049649212
    ]
  }
}