{
  "rmse": {
    "steps": [
      0
    ],
    "timestamps": [
      "2022-03-14T00:21:33.851603"
    ],
    "values": [
      0.14831719346016906
    ]
  }
}