{
  "rmse": {
    "steps": [
      0
    ],
    "timestamps": [
      "2022-03-14T00:21:37.027687"
    ],
    "values": [
      0.04826045620675261
    ]
  }
}