{
  "rmse": {
    "steps": [
      0
    ],
    "timestamps": [
      "2022-03-14T00:21:31.633225"
    ],
    "values": [
      0.2621865608027792
    ]
  }
}