{
  "rmse": {
    "steps": [
      0
    ],
    "timestamps": [
      "2022-03-14T00:21:38.017566"
    ],
    "values": [
      0.008120547585401856
    ]
  }
}