{
  "rmse": {
    "steps": [
      0
    ],
    "timestamps": [
      "2022-03-14T00:21:37.090486"
    ],
    "values": [
      0.045985391540203556
    ]
  }
}