{
  "rmse": {
    "steps": [
      0
    ],
    "timestamps": [
      "2022-03-14T00:21:35.890842"
    ],
    "values": [
      0.08130621718184447
    ]
  }
}