{
  "rmse": {
    "steps": [
      0
    ],
    "timestamps": [
      "2022-03-14T00:21:36.796691"
    ],
    "values": [
      0.055279696641284265
    ]
  }
}