{
  "rmse": {
    "steps": [
      0
    ],
    "timestamps": [
      "2022-03-14T00:21:34.091734"
    ],
    "values": [
      0.1401584505093003
    ]
  }
}