{
  "rmse": {
    "steps": [
      0
    ],
    "timestamps": [
      "2022-03-14T00:21:32.830797"
    ],
    "values": [
      0.19114796947060364
    ]
  }
}