{
  "rmse": {
    "steps": [
      0
    ],
    "timestamps": [
      "2022-03-14T00:21:31.406083"
    ],
    "values": [
      0.27336467734364567
    ]
  }
}