{
  "rmse": {
    "steps": [
      0
    ],
    "timestamps": [
      "2022-03-14T00:21:37.339013"
    ],
    "values": [
      0.03933845599046862
    ]
  }
}