{
  "rmse": {
    "steps": [
      0
    ],
    "timestamps": [
      "2022-03-14T00:21:32.466469"
    ],
    "values": [
      0.212625439305847
    ]
  }
}