{
  "rmse": {
    "steps": [
      0
    ],
    "timestamps": [
      "2022-03-14T00:21:38.078255"
    ],
    "values": [
      3.1774781888756717e-15
    ]
  }
}