{
  "rmse": {
    "steps": [
      0
    ],
    "timestamps": [
      "2022-03-14T00:21:31.359994"
    ],
    "values": [
      0.2771714898527323
    ]
  }
}