{
  "rmse": {
    "steps": [
      0
    ],
    "timestamps": [
      "2022-03-14T00:21:34.393711"
    ],
    "values": [
      0.1268425866438374
    ]
  }
}