{
  "rmse": {
    "steps": [
      0
    ],
    "timestamps": [
      "2022-03-14T00:21:36.597378"
    ],
    "values": [
      0.059983941520891836
    ]
  }
}