{
  "rmse": {
    "steps": [
      0
    ],
    "timestamps": [
      "2022-03-14T00:21:35.331614"
    ],
    "values": [
      0.10318033550279869
    ]
  }
}