{
  "rmse": {
    "steps": [
      0
    ],
    "timestamps": [
      "2022-03-14T00:21:31.578783"
    ],
    "values": [
      0.2658392295628906
    ]
  }
}