{
  "rmse": {
    "steps": [
      0
    ],
    "timestamps": [
      "2022-03-14T00:21:31.821080"
    ],
    "values": [
      0.2517038192034429
    ]
  }
}