{
  "rmse": {
    "steps": [
      0
    ],
    "timestamps": [
      "2022-03-14T00:21:32.406883"
    ],
    "values": [
      0.21579946680687712
    ]
  }
}