{
  "rmse": {
    "steps": [
      0
    ],
    "timestamps": [
      "2022-03-14T00:21:34.453070"
    ],
    "values": [
      0.12419255886591236
    ]
  }
}