{
  "rmse": {
    "steps": [
      0
    ],
    "timestamps": [
      "2022-03-14T00:21:35.737353"
    ],
    "values": [
      0.08606741006861984
    ]
  }
}