{
  "rmse": {
    "steps": [
      0
    ],
    "timestamps": [
      "2022-03-14T00:21:34.826152"
    ],
    "values": [
      0.11624215633293189
    ]
  }
}