{
  "rmse": {
    "steps": [
      0
    ],
    "timestamps": [
      "2022-03-14T00:21:34.210256"
    ],
    "values": [
      0.1348224756088015
    ]
  }
}