{
  "rmse": {
    "steps": [
      0
    ],
    "timestamps": [
      "2022-03-14T00:21:32.208059"
    ],
    "values": [
      0.2286154044008839
    ]
  }
}