{
  "rmse": {
    "steps": [
      0
    ],
    "timestamps": [
      "2022-03-14T00:21:31.933234"
    ],
    "values": [
      0.24499387379798454
    ]
  }
}