{
  "rmse": {
    "steps": [
      0
    ],
    "timestamps": [
      "2022-03-14T00:21:36.118626"
    ],
    "values": [
      0.07174772867772848
    ]
  }
}