{
  "rmse": {
    "steps": [
      0
    ],
    "timestamps": [
      "2022-03-14T00:21:33.090472"
    ],
    "values": [
      0.17645437314206694
    ]
  }
}