{
  "rmse": {
    "steps": [
      0
    ],
    "timestamps": [
      "2022-03-14T00:21:36.400832"
    ],
    "values": [
      0.06457675605229814
    ]
  }
}