{
  "rmse": {
    "steps": [
      0
    ],
    "timestamps": [
      "2022-03-14T00:21:33.373275"
    ],
    "values": [
      0.1621892258066914
    ]
  }
}