{
  "rmse": {
    "steps": [
      0
    ],
    "timestamps": [
      "2022-03-14T00:21:33.307592"
    ],
    "values": [
      0.1650098209273352
    ]
  }
}