{
  "rmse": {
    "steps": [
      0
    ],
    "timestamps": [
      "2022-03-14T00:21:35.381541"
    ],
    "values": [
      0.10058057802451466
    ]
  }
}