{
  "rmse": {
    "steps": [
      0
    ],
    "timestamps": [
      "2022-03-14T00:21:32.149443"
    ],
    "values": [
      0.23183960703537718
    ]
  }
}