{
  "rmse": {
    "steps": [
      0
    ],
    "timestamps": [
      "2022-03-14T00:21:35.626322"
    ],
    "values": [
      0.09084787695507675
    ]
  }
}