{
  "rmse": {
    "steps": [
      0
    ],
    "timestamps": [
      "2022-03-14T00:21:36.003889"
    ],
    "values": [
      0.0765772002879342
    ]
  }
}