{
  "rmse": {
    "steps": [
      0
    ],
    "timestamps": [
      "2022-03-14T00:21:37.948153"
    ],
    "values": [
      0.012248522149852814
    ]
  }
}