{
  "rmse": {
    "steps": [
      0
    ],
    "timestamps": [
      "2022-03-14T00:21:34.039158"
    ],
    "values": [
      0.14287880065560113
    ]
  }
}