{
  "rmse": {
    "steps": [
      0
    ],
    "timestamps": [
      "2022-03-14T00:21:36.058038"
    ],
    "values": [
      0.0741579598637058
    ]
  }
}