{
  "rmse": {
    "steps": [
      0
    ],
    "timestamps": [
      "2022-03-14T00:21:36.520781"
    ],
    "values": [
      0.062270426681747024
    ]
  }
}