{
  "rmse": {
    "steps": [
      0
    ],
    "timestamps": [
      "2022-03-14T00:21:33.627854"
    ],
    "values": [
      0.15381801797062541
    ]
  }
}