{
  "rmse": {
    "steps": [
      0
    ],
    "timestamps": [
      "2022-03-14T00:21:32.049469"
    ],
    "values": [
      0.23843424422479748
    ]
  }
}